{"_id":{"$oid":"5c1539ec85e916148127b8eb"},"username":"ianwrightaw","password":"$2b$10$uaGeIyvAuUhlPkEEyL3bqesxjf4vJ417uZI9/wVVO18hKKMzsxSCy","name":"Ian","bio":"I love pets","homies":["my_pet"]}
{"_id":{"$oid":"5c153b0785e916148127b8ed"},"username":"ryan","password":"$2b$10$OQ0/A0pZ6Nfpc6mzYCEMLOtlCJI79nrN/soXKDiRra8llcasG1Kf6","name":"ryan","bio":"i'm so cool","homies":["mypet","mr_sick","ilovemyhomie"]}
{"_id":{"$oid":"5c153bf74911fe1b2a7096b8"},"username":"mr_cool","password":"$2b$10$7rtCxucAuFkl.m5FkTPRyeQFSDCZrzhFL0K8r5t.B/wzCoOLJYE9W","name":"i am mr cool","bio":"mr coolio","homies":["newpet","supernewpet","created"]}
{"_id":{"$oid":"5c15489662c2f22170be5a8d"},"username":"newuser","password":"$2b$10$CMhZu1ASa1wzgCraQ9Gl6e6OpzPQDrnS1edaEQW4o3qHy9QdAVJ/W","name":"newuser","bio":"i am cool","homies":[]}
{"_id":{"$oid":"5c1549113cd6ba241bcc8105"},"username":"newuserbaby","password":"$2b$10$2Mhm/OURDiYnXoWxXo4hmu85r0PQ60d4f0VR6S74MPNgjve.3PIxa","name":"ian","bio":"i am cool","homies":[]}
{"_id":{"$oid":"5c154978ef900725fcbabd6d"},"username":"newuserfinal","password":"$2b$10$mdlTPF8bJC2nZ7fIlZCujOIa8ahP1MyEcwsUZsLJMSZrUciF4qOo6","name":"petowner","bio":"i like to own pets that our homies","homies":["thecoolman","mysecondpet"]}
{"_id":{"$oid":"5c154be1d1f7ca2d61969f8b"},"username":"ilovehomies","password":"$2b$10$mG5tVB40A74JsAufJ7vUj.86jMTuH8AgBgGAdpOmlZP/DvoWJaJ2G","name":"mr. homie","bio":"i'm enjoying my life on this site","homies":["thechillguy","bighomie"]}
{"_id":{"$oid":"5c15555840f2c71766b4fead"},"username":"new_user","password":"$2b$10$mBSLZnTh35.Md30p5OseVO1EovCSLaZayQHsAX5fidjJEY1u88Cz.","name":"edward homie","bio":"i like to play on virtual pet sites because i miss my pets","homies":["mr_cool","thing2"]}
{"_id":{"$oid":"5c15576e40f2c71766b4feb0"},"username":"_cs546final","password":"$2b$10$F25hR0XTXEv0.KDN/HSCr.gUTAew1HdWl2pRpKsrCI8A35mUL431.","name":"mr. test","bio":"this is my final test. woohooo, go homiepets","homies":[]}
{"_id":{"$oid":"5c15582e40f2c71766b4feb1"},"username":"546final","password":"$2b$10$ReMxOfesF3bNaM7QUI0w8OF9i1/VJqH3nw4yyfiR6kM7Y9PRFHHQi","name":"mr. testing","bio":"i love testing my work and playing on homiepets","homies":["charlie117","charlie_118"]}
{"_id":{"$oid":"5c155a2740f2c71766b4feb4"},"username":"homiefather","password":"$2b$10$YnMKwG/5tnnC5rnjkJG8ruIfKB8Vojdk/0fMDAX.eRfubwnzJkwf.","name":"dr. homie","bio":"i will heal all of the homies","homies":["patient"]}
